Pico_gTime_s,Pi5_gTime_s,Pulse_Count,Frame_Count
0.140900000,0.159492006,1,1
0.240498000,0.260068891,2,2
0.340258000,0.360674442,3,3
0.440902000,0.461177437,4,4
0.540561000,0.562238378,5,5
0.640469000,0.662794669,6,6
0.740158000,0.763390202,7,7
0.840581000,0.863965105,8,8
0.940863000,0.964493952,9,9
1.040516000,1.065038929,10,10
1.140103000,1.165553684,11,11
1.240793000,1.266064235,12,12
1.340597000,1.366515008,13,13
1.440381000,1.466952244,14,14
1.540179000,1.567444499,15,15
1.640712000,1.668157180,16,16
1.740356000,1.768703675,17,17
1.840876000,1.869448059,18,18
1.940515000,1.970015592,19,19
2.040271000,2.070614347,20,20
2.140779000,2.171196675,21,21
2.240416000,2.271767097,22,22
2.340186000,2.372421611,23,23
2.440699000,2.473022625,24,24
2.540383000,2.573653009,25,25
2.640675000,2.674230653,26,26
2.740464000,2.775153019,27,27
2.840267000,2.875751940,28,28
2.940129000,2.976299139,29,29
3.040858000,3.076998375,30,30
3.140635000,3.177731223,31,31
3.240516000,3.278289348,32,32
3.340035000,3.378880232,33,33
3.440588000,3.479538894,34,34
3.540297000,3.581126094,35,35
3.640110000,3.681775145,36,36
3.740669000,3.782771029,37,37
3.840336000,3.903902461,38,38
3.940742000,4.004692086,39,39
4.040379000,4.105508433,40,40
4.140095000,4.206127373,41,41
4.240718000,4.306751776,42,42
4.340383000,4.407373586,43,43
4.440303000,4.507958859,44,44
4.540202000,4.608631466,45,45
4.640772000,4.709354647,46,46
4.740476000,4.809955364,47,47
4.840378000,4.860247093,48,48
4.940137000,4.960724533,49,49
5.041577000,5.061253658,50,50
5.141201000,5.161872950,51,51
5.240937000,5.262321538,52,52
5.341561000,5.362798385,53,53
5.441017000,5.463316991,54,54
5.540057000,5.563802357,55,55
5.640102000,5.664320611,56,56
5.740517000,5.764769125,57,57
5.840544000,5.865176898,58,58
5.940495000,5.965649560,59,59
6.040612000,6.066104944,60,60
6.140596000,6.166634291,61,61
6.240204000,6.267082490,62,62
6.340303000,6.367501578,63,63
6.440461000,6.468179925,64,64
6.540352000,6.568691402,65,65
6.640626000,6.669454397,66,66
6.740594000,6.770367948,67,67
6.840581000,6.870877333,68,68
6.940719000,6.971473624,69,69
7.040765000,7.072081231,70,70
7.140814000,7.172749707,71,71
7.240181000,7.273293906,72,72
7.340286000,7.373823531,73,73
7.440318000,7.474543212,74,74
7.540003000,7.575230800,75,75
7.640712000,7.675917017,76,76
7.740406000,7.776480049,77,77
7.840037000,7.877017137,78,78
7.940588000,7.977615651,79,79
8.040440000,8.078170869,80,80
8.140150000,8.178838086,81,81
8.240127000,8.279584655,82,82
8.340764000,8.380919762,83,83
8.440514000,8.482451813,84,84
8.540221000,8.601220873,85,85
8.640694000,8.651690121,86,86
8.740385000,8.753616672,87,87
8.840088000,8.854221631,88,88
8.940772000,8.954808385,89,89
9.040612000,9.055397880,90,90
9.140351000,9.156050153,91,91
9.240155000,9.256660334,92,92
9.340684000,9.357240162,93,93
9.440402000,9.457806843,94,94
9.540104000,9.558292949,95,95
9.741408000,9.759455754,96,96
9.841297000,9.859921990,97,97
9.941011000,9.960397652,98,98
10.040769000,10.060881980,99,99
10.141424000,10.161416624,100,100
10.241266000,10.261935452,101,101
10.341000000,10.362409947,102,102
10.440673000,10.462860813,103,103
10.541234000,10.563293067,104,104
10.641002000,10.663795858,105,105
10.741102000,10.764245391,106,106
10.840733000,10.864691237,107,107
10.941305000,10.965126381,108,108
11.041038000,11.065568746,109,109
11.140615000,11.166031352,110,110
11.241115000,11.266497625,111,111
11.340634000,11.366916417,112,112
11.441332000,11.467324967,113,113
11.541140000,11.567910370,114,114
11.641054000,11.668461568,115,115
11.740929000,11.768966638,116,116
11.841394000,11.869619707,117,117
11.941132000,11.970389480,118,118
12.040666000,12.070889549,119,119
12.141107000,12.171542452,120,120
12.240990000,12.272161836,121,121
12.341543000,12.372743405,122,122
12.441192000,12.473267270,123,123
12.540687000,12.573790413,124,124
12.641358000,12.674554353,125,125
12.741122000,12.775326774,126,126
12.841506000,12.876024621,127,127
12.941061000,12.976833987,128,128
13.040900000,13.077497760,129,129
13.141141000,13.178152347,130,130
13.240618000,13.278717268,131,131
13.340949000,13.379469560,132,132
13.441510000,13.480365073,133,133
13.541376000,13.581213198,134,134
13.641145000,13.682334731,135,135
13.740953000,13.802476921,136,136
13.841445000,13.852801502,137,137
13.941000000,13.957442350,138,138
14.040919000,14.057967216,139,139
14.141233000,14.158653804,140,140
14.240746000,14.259280484,141,141
14.341413000,14.359819627,142,142
14.441088000,14.460357048,143,143
14.540890000,14.560995858,144,144
14.641476000,14.661625316,145,145
14.740996000,14.762196163,146,146
14.840679000,14.862670621,147,147
14.941136000,14.963190079,148,148
15.040926000,15.063729777,149,149
15.141416000,15.164263791,150,150
15.241104000,15.264838489,151,151
15.341487000,15.365328540,152,152
15.441213000,15.465834498,153,153
15.541408000,15.566370585,154,154
15.641071000,15.666862932,155,155
15.740627000,15.767389279,156,156
15.840733000,15.867907755,157,157
15.941457000,15.968419695,158,158
16.041193000,16.068991227,159,159
16.140678000,16.169625203,160,160
16.241300000,16.270289643,161,161
16.341033000,16.370883527,162,162
16.440607000,16.471470059,163,163
16.541175000,16.572194813,164,164
16.640881000,16.672768197,165,165
16.741264000,16.773418858,166,166
16.840956000,16.874004113,167,167
16.940676000,16.974687996,168,168
17.041253000,17.075300954,169,169
17.140932000,17.175952116,170,170
17.240705000,17.276693778,171,171
17.341224000,17.377275291,172,172
17.441086000,17.477892156,173,173
17.540879000,17.578542577,174,174
17.641379000,17.679135720,175,175
17.741200000,17.780076864,176,176
17.840927000,17.880995359,177,177
17.941027000,18.001404901,178,178
18.040635000,18.105423471,179,179
18.141325000,18.155789515,180,180
18.241028000,18.256512177,181,181
18.340542000,18.357185579,182,182
18.441127000,18.457778370,183,183
18.541468000,18.558449199,184,184
18.641362000,18.658944453,185,185
18.740851000,18.759609133,186,186
18.841396000,18.910397357,187,187
18.940957000,18.960745326,188,188
19.040613000,19.061301191,189,189
19.141222000,19.161823316,190,190
19.240927000,19.262354774,191,191
19.340617000,19.362855972,192,192
19.441206000,19.463371263,193,193
19.540657000,19.563843332,194,194
19.640743000,19.664398068,195,195
19.740755000,19.768373564,196,196
19.841390000,19.869020819,197,197
19.941213000,19.969715295,198,198
20.041115000,20.070363049,199,199
20.140972000,20.171061174,200,200
20.240906000,20.272152039,201,201
20.340860000,20.373205979,202,202
20.441235000,20.474244103,203,203
20.540570000,20.575400821,204,204
20.640975000,20.676146297,205,205
20.740546000,20.776801884,206,206
20.841035000,20.877466472,207,207
20.940631000,20.978057948,208,208
21.041321000,21.078652239,209,209
21.141072000,21.179237790,210,210
21.240727000,21.280146155,211,211
21.341308000,21.380872631,212,212
21.440980000,21.502100988,213,213
21.540592000,21.552452013,214,214
21.641315000,21.653082582,215,215
21.740724000,21.754495392,216,216
21.841237000,21.855135387,217,217
21.940776000,21.955749382,218,218
22.041258000,22.056331617,219,219
22.140719000,22.156898001,220,220
22.241319000,22.257390088,221,221
22.341019000,22.357967768,222,222
22.440628000,22.458462652,223,223
22.541149000,22.558956073,224,224
22.640746000,22.659970049,225,225
22.740993000,22.760530451,226,226
22.840610000,22.861056168,227,227
22.941135000,22.961591978,228,228
23.040747000,23.062080046,229,229
23.141198000,23.162582708,230,230
23.240756000,23.263170517,231,231
23.341292000,23.363782308,232,232
23.440946000,23.464230896,233,233
23.541387000,23.564670409,234,234
23.641014000,23.665175163,235,235
23.740516000,23.765663824,236,236
23.841046000,23.866174485,237,237
23.940876000,23.966770165,238,238
24.040657000,24.067253290,239,239
24.141210000,24.167852581,240,240
24.440018000,24.469561805,241,241
24.539806000,24.570117578,242,242
24.640308000,24.670656739,243,243
24.739937000,24.771264160,244,244
24.839969000,24.872001729,245,245
24.939724000,24.972568168,246,246
25.040271000,25.073110699,247,247
25.140122000,25.173687453,248,248
25.240338000,25.274388170,249,249
25.340075000,25.375144258,250,250
25.440529000,25.475733234,251,251
25.540258000,25.576321840,252,252
25.640193000,25.676944797,253,253
25.739756000,25.777505236,254,254
25.840349000,25.878135657,255,255
25.939985000,25.978710448,256,256
26.039821000,26.079499517,257,257
26.140443000,26.180752475,258,258
26.240197000,26.301902961,259,259
26.339867000,26.402721345,260,260
26.440411000,26.503785025,261,261
26.540012000,26.604438241,262,262
26.640548000,26.705066403,263,263
26.740379000,26.755403372,264,264
26.844305000,26.906243688,265,265
26.939727000,26.956582213,266,266
27.040228000,27.056996764,267,267
27.139937000,27.157511517,268,268
27.240374000,27.258054234,269,269
27.340111000,27.358734007,270,270
27.439881000,27.459185983,271,271
27.539704000,27.559649903,272,272
27.639782000,27.660061527,273,273
27.740463000,27.760502299,274,274
27.840224000,27.860983738,275,275
27.939838000,27.961431900,276,276
28.039707000,28.061876431,277,277
28.140311000,28.162281574,278,278
28.239899000,28.262706142,279,279
28.340520000,28.363184452,280,280
28.440069000,28.463652187,281,281
28.539834000,28.564106589,282,282
28.639683000,28.664614676,283,283
28.740189000,28.765103726,284,284
28.839933000,28.865717146,285,285
28.940394000,28.966216808,286,286
29.040174000,29.066686765,287,287
29.139885000,29.167135186,288,288
29.240401000,29.267710365,289,289
29.340060000,29.368252619,290,290
29.440476000,29.468908021,291,291
29.540125000,29.569511867,292,292
29.639868000,29.670046843,293,293
29.740409000,29.770620153,294,294
29.840143000,29.871247610,295,295
29.939809000,29.971962679,296,296
30.040048000,30.072580729,297,297
30.139770000,30.173190427,298,298
30.240268000,30.273911366,299,299
30.339967000,30.374712879,300,300
30.440239000,30.475433226,301,301
30.539885000,30.575993109,302,302
30.639748000,30.676522252,303,303
30.740233000,30.777140228,304,304
30.839972000,30.877878889,305,305
30.939692000,30.978494217,306,306
31.040247000,31.079115989,307,307
31.139942000,31.180210058,308,308
31.239658000,31.281495256,309,309
31.340258000,31.401180094,310,310
31.439902000,31.502463162,311,311
31.539632000,31.603131138,312,312
31.640084000,31.703739207,313,313
31.740445000,31.804337275,314,314
31.840196000,31.904957900,315,315
31.939995000,32.005582598,316,316
32.039749000,32.106177814,317,317
32.140239000,32.206674568,318,318
32.240022000,32.307242377,319,319
32.339602000,32.357513050,320,320
32.439743000,32.458002415,321,321
32.540379000,32.558581743,322,322
32.640132000,32.659036700,323,323
32.739695000,32.759570047,324,324
32.840277000,32.860015115,325,325
32.939895000,32.960499739,326,326
33.040424000,33.060950381,327,327
33.140244000,33.161389691,328,328
33.239927000,33.261835315,329,329
33.340337000,33.362311494,330,330
33.440251000,33.462815674,331,331
33.540012000,33.563238853,332,332
33.640445000,33.663622310,333,333
33.740114000,33.764084416,334,334
33.946795000,33.965030016,335,335
34.039786000,34.065442528,336,336
34.140285000,34.165872486,337,337
34.239929000,34.266338313,338,338
34.339597000,34.366792400,339,339
34.440422000,34.467274506,340,340
34.540230000,34.567885685,341,341
34.640051000,34.668338383,342,342
34.739766000,34.768990526,343,343
34.840377000,34.869968724,344,344
34.939707000,34.970563941,345,345
35.040347000,35.071135305,346,346
35.139973000,35.171812003,347,347
35.239669000,35.272457350,348,348
35.340356000,35.373032418,349,349
35.440061000,35.473777746,350,350
35.539781000,35.574498703,351,351
35.640342000,35.675055549,352,352
35.740209000,35.775655414,353,353
35.839938000,35.876269353,354,354
35.939698000,35.976952125,355,355
36.040283000,36.077541230,356,356
36.140124000,36.178136262,357,357
36.239852000,36.278747423,358,358
36.339611000,36.379296324,359,359
36.440253000,36.480613171,360,360
36.539967000,36.581163369,361,361
36.639583000,36.702638596,362,362
36.739648000,36.753113954,363,363
36.839610000,36.853901522,364,364
36.940177000,36.954669795,365,365
37.040249000,37.055484919,366,366
37.140164000,37.156137469,367,367
37.240014000,37.256610407,368,368
37.339677000,37.357397679,369,369
37.439855000,37.458115507,370,370
37.540037000,37.558820168,371,371
37.640324000,37.659621348,372,372
37.740055000,37.760300231,373,373
37.840129000,37.861117651,374,374
37.940138000,37.961969294,375,375
38.039801000,38.062685232,376,376
38.140209000,38.163463319,377,377
38.239888000,38.264212147,378,378
38.340064000,38.364906345,379,379
38.440332000,38.465773969,380,380
38.540118000,38.566488630,381,381
38.640347000,38.667078883,382,382
38.739759000,38.767992693,383,383
38.840051000,38.869725650,384,384
38.939839000,38.978976501,385,385
39.040351000,39.079767254,386,386
39.140069000,39.180809749,387,387
39.239781000,39.301624975,388,388
39.340298000,39.351978907,389,389
39.440014000,39.452698050,390,390
39.539722000,39.553831618,391,391
39.640196000,39.654423872,392,392
39.740298000,39.755450163,393,393
39.839947000,39.856009620,394,394
39.939718000,39.956712855,395,395
40.039835000,40.057353349,396,396
40.139657000,40.157893528,397,397
40.240139000,40.258507356,398,398
40.339838000,40.359088776,399,399
40.439749000,40.459606140,400,400
40.540201000,40.560162597,401,401
40.639930000,40.660619555,402,402
40.739548000,40.761106586,403,403
40.840005000,40.861612432,404,404
40.939517000,40.962097555,405,405
41.039984000,41.062604642,406,406
41.139662000,41.163051914,407,407
41.240189000,41.263525149,408,408
41.339916000,41.364025273,409,409
41.439487000,41.464533156,410,410
41.540225000,41.565019576,411,411
41.639807000,41.665491996,412,412
41.739601000,41.765992341,413,413
41.840038000,41.866513576,414,414
41.939575000,41.966985941,415,415
42.040169000,42.067605509,416,416
42.140143000,42.168136910,417,417
42.239818000,42.268809923,418,418
42.339867000,42.369997751,419,419
42.439911000,42.470688615,420,420
42.540267000,42.571687184,421,421
42.639736000,42.672611419,422,422
42.739899000,42.773458635,423,423
42.839511000,42.874505241,424,424
42.940124000,42.975110624,425,425
43.039957000,43.075791136,426,426
43.139671000,43.176438445,427,427
43.240249000,43.277040162,428,428
43.339979000,43.377663267,429,429
43.639653000,43.679878360,430,430
43.740257000,43.800175790,431,431
43.839950000,43.902096822,432,432
43.939671000,44.002818353,433,433
44.039485000,44.103665903,434,434
44.140184000,44.204303471,435,435
44.239761000,44.304919817,436,436
44.340205000,44.405547718,437,437
44.440034000,44.506187397,438,438
44.539686000,44.556639626,439,439
44.639441000,44.657200472,440,440
44.739781000,44.757751688,441,441
44.840202000,44.858403108,442,442
44.940019000,44.958849991,443,443
45.039730000,45.059420355,444,444
45.139458000,45.159957238,445,445
45.240066000,45.260430454,446,446
45.339986000,45.360962115,447,447
45.439703000,45.461407554,448,448
45.540156000,45.561888955,449,449
45.639894000,45.662360319,450,450
45.739667000,45.762868684,451,451
45.840205000,45.863366696,452,452
45.939766000,45.963773727,453,453
46.039415000,46.064302110,454,454
46.139961000,46.164791604,455,455
46.239546000,46.265229301,456,456
46.339944000,46.365642203,457,457
46.439788000,46.466069808,458,458
46.540188000,46.566549246,459,459
46.639721000,46.667000351,460,460
46.740260000,46.767624382,461,461
46.839894000,46.868099117,462,462
46.939560000,46.968772648,463,463
47.040228000,47.069936420,464,464
47.139462000,47.170520988,465,465
47.239812000,47.271113186,466,466
47.340215000,47.371653791,467,467
47.439899000,47.472145507,468,468
47.539486000,47.572724945,469,469
47.639886000,47.673302550,470,470
47.739502000,47.774175915,471,471
47.840196000,47.875004316,472,472
47.939984000,47.975599291,473,473
48.039813000,48.076224674,474,474
48.139582000,48.176816872,475,475
48.240148000,48.277454644,476,476
48.339645000,48.378091860,477,477
48.440162000,48.478823669,478,478
48.539972000,48.580270126,479,479
48.639505000,48.701901408,480,480
48.739825000,48.752282766,481,481
48.839530000,48.853581038,482,482
48.939955000,48.954335143,483,483
49.039561000,49.054954193,484,484
49.139920000,49.155645446,485,485
49.239639000,49.256192440,486,486
49.339382000,49.356828471,487,487
49.440023000,49.457299853,488,488
49.540152000,49.557951014,489,489
49.639417000,49.658601100,490,490
49.740074000,49.759322391,491,491
49.839813000,49.859799977,492,492
49.939448000,49.960264045,493,493
50.040047000,50.060787298,494,494
50.139815000,50.161288977,495,495
50.239456000,50.261709804,496,496
50.340137000,50.362142076,497,497
50.439874000,50.462631218,498,498
50.539753000,50.563095008,499,499
50.639379000,50.663586446,500,500
50.739775000,50.764024866,501,501
50.839425000,50.864447248,502,502
50.939876000,50.964920353,503,503
51.039517000,51.065387551,504,504
51.140021000,51.165868230,505,505
51.239601000,51.266293464,506,506
51.339347000,51.366707736,507,507
51.440050000,51.467484618,508,508
51.539776000,51.568030297,509,509
51.639445000,51.668800569,510,510
51.740033000,51.769745137,511,511
51.839683000,51.870298964,512,512
51.939983000,51.970914217,513,513
52.039549000,52.071515600,514,514
52.140071000,52.172128557,515,515
52.239833000,52.272648125,516,516
52.339472000,52.373178693,517,517
52.440079000,52.473880705,518,518
52.539594000,52.574537069,519,519
52.640000000,52.675230989,520,520
52.739626000,52.775896538,521,521
52.840126000,52.876458051,522,522
52.939763000,52.977042674,523,523
53.240000000,53.278986137,524,524
53.339956000,53.379956242,525,525
53.439856000,53.501429172,526,526
53.539508000,53.551783511,527,527
53.640059000,53.652546672,528,528
53.739810000,53.753218869,529,529
53.839605000,53.853828807,530,530
53.939318000,53.954460431,531,531
54.039906000,54.055012036,532,532
54.139504000,54.155904141,533,533
54.240035000,54.256475912,534,534
54.339865000,54.357041647,535,535
54.440025000,54.457649400,536,536
54.539663000,54.558155523,537,537
54.639375000,54.658735998,538,538
54.739946000,54.759311047,539,539
54.839345000,54.859775152,540,540
54.939286000,54.960228850,541,541
55.039822000,55.060685640,542,542
55.139564000,55.161207633,543,543
55.239870000,55.263023276,544,544
55.339654000,55.363639806,545,545
55.439806000,55.464294985,546,546
55.539428000,55.564923164,547,547
55.639666000,55.665454324,548,548
55.739512000,55.766110800,549,549
55.839636000,55.866777812,550,550
55.939984000,55.967536991,551,551
56.039303000,56.068008559,552,552
56.140045000,56.168870071,553,553
56.239673000,56.269767120,554,554
56.339443000,56.370821855,555,555
56.440005000,56.471542015,556,556
56.539708000,56.572251398,557,557
56.639313000,56.672974484,558,558
56.739965000,56.774193960,559,559
56.839982000,56.875122639,560,560
56.939527000,56.976063651,561,561
57.039394000,57.076824052,562,562
57.139866000,57.177867102,563,563
57.239269000,57.278550762,564,564
57.339444000,57.379284941,565,565
57.439475000,57.480655324,566,566
57.539997000,57.581499706,567,567
57.639291000,57.682243478,568,568
57.739628000,57.801764055,569,569
57.839483000,57.852142894,570,570
57.939794000,57.953307036,571,571
58.039811000,58.058661958,572,572
58.139534000,58.159144674,573,573
58.239266000,58.259757168,574,574
58.339884000,58.360277532,575,575
58.439682000,58.460722692,576,576
58.539555000,58.561207111,577,577
58.639409000,58.661645290,578,578
58.739987000,58.762120876,579,579
58.839585000,58.862566184,580,580
58.939386000,58.963032141,581,581
59.039903000,59.063478857,582,582
59.139643000,59.163957776,583,583
59.239497000,59.264480121,584,584
59.339243000,59.364899596,585,585
59.439737000,59.465300016,586,586
59.539388000,59.565784750,587,587
59.639942000,59.666247966,588,588
59.739805000,59.766735848,589,589
59.839578000,59.867287860,590,590
59.939361000,59.967766428,591,591
60.039951000,60.068253662,592,592
60.139645000,60.168877248,593,593
60.239401000,60.269625001,594,594
60.339919000,60.370191328,595,595
60.439571000,60.470760303,596,596
60.539310000,60.571504908,597,597
60.639668000,60.672048809,598,598
60.739422000,60.772691043,599,599
60.841520000,60.873321925,600,600
60.939664000,60.974071345,601,601
61.039306000,61.074684598,602,602
61.139943000,61.175413202,603,603
61.239625000,61.276102196,604,604
61.339423000,61.376704023,605,605
61.439973000,61.477327146,606,606
61.539867000,61.577923677,607,607
61.639222000,61.678498522,608,608
61.739790000,61.779623219,609,609
61.839500000,61.901165353,610,610
61.939934000,61.951546803,611,611
62.039738000,62.052209519,612,612
62.139393000,62.152940420,613,613
62.240023000,62.253667062,614,614
62.339642000,62.354355389,615,615
62.439488000,62.454847400,616,616
62.539191000,62.555580764,617,617
62.639708000,62.656121536,618,618
62.739333000,62.756746881,619,619
62.839879000,62.857311486,620,620
62.939624000,62.957822923,621,621
63.039197000,63.058287935,622,622
63.139624000,63.158888670,623,623
63.239993000,63.259387533,624,624
63.339625000,63.359869008,625,625
63.439414000,63.460326761,626,626
63.539169000,63.560817662,627,627
63.639820000,63.661246896,628,628
63.739698000,63.761823148,629,629
63.839603000,63.862306753,630,630
63.939261000,63.962779672,631,631
64.039417000,64.063216203,632,632
64.139905000,64.163659363,633,633
64.239616000,64.264140856,634,634
64.339215000,64.364623183,635,635
64.439781000,64.465091620,636,636
64.539395000,64.565544929,637,637
64.639886000,64.665982237,638,638
64.739522000,64.766446138,639,639
64.839188000,64.867289076,640,640
64.939399000,64.968099865,641,641
65.039490000,65.068879526,642,642
65.139494000,65.170267667,643,643
65.239753000,65.271102105,644,644
65.339344000,65.371919673,645,645
65.439383000,65.473111963,646,646
65.539506000,65.574075994,647,647
65.639350000,65.675169228,648,648
65.739280000,65.776138758,649,649
65.839197000,65.876978271,650,650
65.939103000,65.977521634,651,651
66.039681000,66.078087313,652,652
66.139424000,66.178731436,653,653
66.239115000,66.280082911,654,654
66.339662000,66.380706071,655,655
66.439117000,66.501413019,656,656
66.539756000,66.551805821,657,657
66.639543000,66.652453648,658,658
66.739103000,66.753248493,659,659
66.839576000,66.853947246,660,660
66.939345000,66.954625924,661,661
67.039750000,67.055260047,662,662
67.139338000,67.155888281,663,663
67.239735000,67.257026960,664,664
67.339457000,67.357692009,665,665
67.439330000,67.458310947,666,666
67.539107000,67.558886736,667,667
67.741327000,67.759851204,668,668
67.840222000,67.860360494,669,669
67.940018000,67.960832450,670,670
68.040462000,68.061259480,671,671
68.140227000,68.161678918,672,672
68.239988000,68.262160300,673,673
68.340383000,68.362669368,674,674
68.440170000,68.463111064,675,675
68.539106000,68.563541780,676,676
68.639173000,68.664005755,677,677
68.739180000,68.764476896,678,678
68.839193000,68.864980315,679,679
68.939872000,68.965440531,680,680
69.039202000,69.065876209,681,681
69.139322000,69.166335017,682,682
69.239346000,69.266782751,683,683
69.339412000,69.367501837,684,684
69.439551000,69.468020386,685,685
69.539696000,69.568589675,686,686
69.639777000,69.669157724,687,687
69.739077000,69.769682995,688,688
69.839246000,69.870280710,689,689
69.939471000,69.970875315,690,690
70.039473000,70.071476901,691,691
70.139434000,70.172016746,692,692
70.239594000,70.272568609,693,693
70.339550000,70.373217658,694,694
70.439801000,70.474021522,695,695
70.539416000,70.574839108,696,696
70.639872000,70.675565527,697,697
70.739726000,70.776157983,698,698
70.839261000,70.877161495,699,699
70.939031000,70.977975989,700,700
71.039665000,71.078647852,701,701
71.139344000,71.179506586,702,702
71.241122000,71.280236080,703,703
71.339476000,71.380987314,704,704
71.439157000,71.502431539,705,705
71.539271000,71.552790397,706,706
71.639307000,71.653499538,707,707
71.739676000,71.759228756,708,708
71.839483000,71.860081972,709,709
71.939299000,71.960755298,710,710
72.041187000,72.061486495,711,711
72.139109000,72.162084451,712,712
72.239844000,72.262792519,713,713
72.339222000,72.363528919,714,714
72.439470000,72.464116801,715,715
72.539491000,72.564762146,716,716
72.639604000,72.665230102,717,717
72.739755000,72.765662892,718,718
72.839085000,72.866166904,719,719
72.939104000,72.966650082,720,720
73.039786000,73.067378408,721,721
73.139026000,73.167909476,722,722
73.239159000,73.268487728,723,723
73.339340000,73.369555110,724,724
73.439409000,73.470115696,725,725
73.539586000,73.570737541,726,726
73.639755000,73.671285849,727,727
73.739598000,73.771826175,728,728
73.839178000,73.872405872,729,729
73.939061000,73.972941773,730,730
74.039206000,74.073628173,731,731
74.139081000,74.174266148,732,732
74.239268000,74.274940586,733,733
74.339395000,74.375572819,734,734
74.439519000,74.476164461,735,735
74.539533000,74.576719620,736,736
74.639606000,74.677258076,737,737
74.739590000,74.777843662,738,738
74.839676000,74.878476766,739,739
74.939737000,74.979095741,740,740
75.039803000,75.079905568,741,741
75.139792000,75.199151847,742,742
75.239069000,75.300641156,743,743
75.339206000,75.401375427,744,744
75.439081000,75.451748321,745,745
75.539125000,75.552643037,746,746
75.639077000,75.653248900,747,747
75.739248000,75.754221653,748,748
75.839497000,75.854847961,749,749
75.939524000,75.955468120,750,750
76.039493000,76.056013780,751,751
76.139347000,76.156596440,752,752
76.239558000,76.257387915,753,753
76.339679000,76.357896371,754,754
76.439783000,76.458429123,755,755
76.539086000,76.558992227,756,756
76.639254000,76.659516405,757,757
76.739223000,76.760009824,758,758
76.839338000,76.860502150,759,759
76.939688000,76.961256588,760,760
77.039214000,77.064568971,761,761
77.139013000,77.165164798,762,762
77.347950000,77.366395802,763,763
77.439203000,77.470704816,764,764
77.539371000,77.551981596,765,765
77.639666000,77.677364026,766,766
77.739368000,77.778014057,767,767
77.839177000,77.878588327,768,768
77.939769000,77.979685617,769,769
78.039517000,78.080291740,770,770
78.139191000,78.181194177,771,771
78.238987000,78.301729587,772,772
78.339598000,78.402470747,773,773
78.439247000,78.503274166,774,774
78.539712000,78.603984789,775,775
78.639492000,78.704622707,776,776
78.739395000,78.805208312,777,777
78.839710000,78.905783730,778,778
78.939205000,79.006695594,779,779
79.039169000,79.057168952,780,780
79.139046000,79.157815260,781,781
79.239554000,79.258767586,782,782
79.339026000,79.359564338,783,783
79.439197000,79.460403183,784,784
79.539333000,79.561170861,785,785
79.639369000,79.661935262,786,786
79.739581000,79.762667681,787,787
79.839679000,79.863422359,788,788
79.939116000,79.964325908,789,789
80.038968000,80.064955956,790,790
80.139663000,80.165570523,791,791
80.239320000,80.266043609,792,792
80.338978000,80.366491972,793,793
80.439547000,80.467069872,794,794
80.539228000,80.567622365,795,795
80.639743000,80.668288562,796,796
80.739511000,80.768934073,797,797
80.839156000,80.869450622,798,798
80.939711000,80.970001430,799,799
81.039527000,81.070882960,800,800
81.139515000,81.171861712,801,801
81.238930000,81.272656168,802,802
81.339398000,81.373650198,803,803
81.439387000,81.474498747,804,804
81.539573000,81.575538351,805,805
81.639360000,81.676362751,806,806
81.739189000,81.777247430,807,807
81.839397000,81.878025978,808,808
81.939216000,81.978754249,809,809
82.038983000,82.079744390,810,810
82.138888000,82.180279809,811,811
82.239311000,82.301824941,812,812
82.338973000,82.352188836,813,813
82.439454000,82.452813014,814,814
82.539128000,82.553493729,815,815
82.639715000,82.654138574,816,816
82.739341000,82.754775993,817,817
82.839153000,82.855379578,818,818
82.939642000,82.956007849,819,819
83.039351000,83.056696379,820,820
83.139105000,83.157220020,821,821
83.239628000,83.257820957,822,822
83.339480000,83.358576265,823,823
83.439599000,83.459042721,824,824
83.538976000,83.559576269,825,825
83.639536000,83.660037373,826,826
83.739249000,83.760519495,827,827
83.838921000,83.861059433,828,828
83.939539000,83.961540740,829,829
84.039155000,84.062044437,830,830
84.139649000,84.162511985,831,831
84.239258000,84.262947718,832,832
84.339016000,84.363429359,833,833
84.438865000,84.463895963,834,834
84.539245000,84.564411289,835,835
84.638904000,84.664859282,836,836
84.739483000,84.765304034,837,837
84.839188000,84.865787582,838,838
84.939207000,84.966223094,839,839
85.038919000,85.066901049,840,840
85.139400000,85.167442042,841,841
85.239097000,85.267935035,842,842
85.339645000,85.368588620,843,843
85.439372000,85.469303576,844,844
85.538998000,85.569912847,845,845
85.639538000,85.670515080,846,846
85.739206000,85.771180055,847,847
85.839262000,85.871754658,848,848
85.939229000,85.972288614,849,849
86.039013000,86.072979144,850,850
86.139497000,86.173894452,851,851
86.239128000,86.274765334,852,852
86.338955000,86.375380234,853,853
86.439321000,86.475975041,854,854
86.539021000,86.576679849,855,855
86.638836000,86.677276156,856,856
86.739371000,86.777855205,857,857
87.039086000,87.080420054,858,858
87.139559000,87.200006519,859,859
87.239253000,87.250379135,860,860
87.338808000,87.351640962,861,861
87.439453000,87.452314288,862,862
87.539206000,87.553107133,863,863
87.638805000,87.653721514,864,864
87.739507000,87.754567526,865,865
87.838902000,87.855132574,866,866
87.939494000,87.955717918,867,867
88.039273000,88.056361837,868,868
88.139009000,88.156970774,869,869
88.239619000,88.257449341,870,870
88.339173000,88.358063148,871,871
88.439323000,88.458508974,872,872
88.539178000,88.558990597,873,873
88.639598000,88.659468756,874,874
88.739505000,88.759965712,875,875
88.839245000,88.860463686,876,876
88.939011000,88.961008401,877,877
89.039614000,89.061553190,878,878
89.139375000,89.162066182,879,879
89.239195000,89.262584267,880,880
89.338876000,89.363041779,881,881
89.439344000,89.463489086,882,882
89.539080000,89.563973356,883,883
89.639592000,89.664452923,884,884
89.739335000,89.764893138,885,885
89.839220000,89.865408038,886,886
89.939015000,89.966212586,887,887
90.039475000,90.066933523,888,888
90.139219000,90.167712609,889,889
90.238887000,90.268318472,890,890
90.339465000,90.369299761,891,891
90.439166000,90.469818939,892,892
90.538894000,90.570470135,893,893
90.639501000,90.671133868,894,894
90.739146000,90.771696435,895,895
90.839335000,90.872225391,896,896
90.939137000,90.972738068,897,897
91.038846000,91.073510691,898,898
91.139415000,91.174265517,899,899
91.239377000,91.274933528,900,900
91.339158000,91.375458317,901,901
91.438813000,91.475984420,902,902
91.539433000,91.576611172,903,903
91.639539000,91.677305850,904,904
91.739337000,91.777888046,905,905
91.839068000,91.878465021,906,906
91.938815000,91.979023143,907,907
92.039477000,92.079746487,908,908
92.139152000,92.180286943,909,909
92.238803000,92.301089686,910,910
92.339384000,92.401873253,911,911
92.439068000,92.452270925,912,912
92.538969000,92.553528936,913,913
92.638740000,92.654253910,914,914
92.739176000,92.754876329,915,915
92.838868000,92.855427599,916,916
92.938730000,92.955968277,917,917
93.038957000,93.056582677,918,918
93.138711000,93.157128836,919,919
93.239188000,93.257640421,920,920
93.339526000,93.358115358,921,921
93.439214000,93.458611221,922,922
93.538883000,93.559085362,923,923
93.639483000,93.659663039,924,924
93.739194000,93.760410328,925,925
93.838845000,93.860888987,926,926
93.939492000,93.961397313,927,927
94.039234000,94.061881176,928,928
94.138863000,94.162395021,929,929
94.239378000,94.262852717,930,930
94.339027000,94.363289857,931,931
94.438726000,94.463797942,932,932
94.539394000,94.564274713,933,933
94.639153000,94.664805687,934,934
94.738683000,94.765271383,935,935
94.839050000,94.865742301,936,936
94.938873000,94.966238960,937,937
95.039285000,95.066810286,938,938
95.139072000,95.167414982,939,939
95.239484000,95.267906512,940,940
95.339228000,95.368515338,941,941
95.438965000,95.469216201,942,942
95.538666000,95.569734693,943,943
95.638978000,95.670357574,944,944
95.739391000,95.771008141,945,945
95.839145000,95.871593430,946,946
95.938888000,95.972192515,947,947
96.039476000,96.072755026,948,948
96.139347000,96.173851185,949,949
96.239263000,96.274556030,950,950
96.338988000,96.375131652,951,951
96.639198000,96.676880259,952,952
96.738774000,96.777466159,953,953
96.839338000,96.878013466,954,954
96.939028000,96.979190366,955,955
97.038880000,97.100674239,956,956
97.139436000,97.202571195,957,957
97.239166000,97.303264835,958,958
97.338922000,97.403896328,959,959
97.438663000,97.504527376,960,960
97.539248000,97.605171553,961,961
97.638927000,97.705819120,962,962
97.739375000,97.806405964,963,963
97.839194000,97.906911883,964,964
97.938839000,97.957213277,965,965
98.039374000,98.057727677,966,966
98.138826000,98.158441743,967,967
98.239402000,98.258940995,968,968
98.339130000,98.359400839,969,969
98.439382000,98.459865924,970,970
98.538980000,98.560412676,971,971
98.638796000,98.660907501,972,972
98.739323000,98.761404901,973,973
98.838927000,98.861907523,974,974
98.938844000,98.962356590,975,975
99.039318000,99.062787767,976,976
99.139060000,99.163262222,977,977
99.238792000,99.263658807,978,978
99.339020000,99.364206818,979,979
99.438800000,99.464749144,980,980
99.539457000,99.565281618,981,981
99.639183000,99.665829869,982,982
99.738672000,99.766275658,983,983
99.839341000,99.866781502,984,984
99.938988000,99.967261068,985,985
100.038967000,100.068037394,986,986
100.138724000,100.169243609,987,987
100.239367000,100.269826527,988,988
100.339090000,100.370431464,989,989
100.438912000,100.471013475,990,990
100.539075000,100.571562875,991,991
100.638809000,100.672131071,992,992
100.739097000,100.772975785,993,993
100.838966000,100.873738630,994,994
100.938697000,100.974306011,995,995
101.039292000,101.074892411,996,996
101.139111000,101.175547755,997,997
101.238684000,101.276168840,998,998
101.339162000,101.376776591,999,999
101.438982000,101.477371732,1000,1000
101.538756000,101.577944002,1001,1001
101.639185000,101.678851365,1002,1002
101.738985000,101.780047580,1003,1003
101.838585000,101.901165193,1004,1004
101.938990000,101.951545254,1005,1005
102.038710000,102.052182135,1006,1006
102.139348000,102.152964368,1007,1007
102.238929000,102.253740212,1008,1008
102.338721000,102.354725260,1009,1009
102.439343000,102.455379679,1010,1010
102.539056000,102.555942967,1011,1011
102.639212000,102.656419867,1012,1012
102.738995000,102.757024044,1013,1013
102.838602000,102.857673870,1014,1014
102.938779000,102.958237677,1015,1015
103.038576000,103.058724114,1016,1016
103.139103000,103.159268291,1017,1017
103.238931000,103.259839987,1018,1018
103.338753000,103.360331331,1019,1019
103.438582000,103.460801916,1020,1020
103.539145000,103.561286093,1021,1021
103.638948000,103.661772400,1022,1022
103.739331000,103.762262578,1023,1023
103.838948000,103.862720922,1024,1024
103.938665000,103.963166340,1025,1025
104.038614000,104.063663962,1026,1026
104.139290000,104.164130676,1027,1027
104.238928000,104.264630761,1028,1028
104.338771000,104.365075457,1029,1029
104.439212000,104.465522690,1030,1030
104.538899000,104.566004460,1031,1031
104.638641000,104.666668693,1032,1032
104.739207000,104.767266852,1033,1033
104.838764000,104.867895918,1034,1034
104.939314000,104.968454262,1035,1035
105.038904000,105.069026791,1036,1036
105.138608000,105.169581802,1037,1037
105.239307000,105.270300405,1038,1038
105.338648000,105.371022379,1039,1039
